memory_usage_mb,cpu_usage_percent,error_rate,is_healthy,success_requests,error_requests,timestamp,scenario,is_failure
2121.985343369231,84.3610060945048,0.032203707193420986,1,12,0,1744494751.2009974,memory_leak,1
735.9483551176344,90.44936185768238,0.016870318565614106,1,6,0,1744494751.2009974,high_latency,1
827.8628417777359,70.04323554320217,0.0013711328191371832,1,7,0,1744494751.2009974,normal,0
632.8195467677273,59.16993711370452,0.8175937788725904,0,2,8,1744494751.2119234,service_down,1
850.0989958601405,91.72218431601179,0.2536071708050831,0,8,2,1744494751.2119234,error_rate,1
922.7201661677042,106.07180370870445,0.03840587891335963,1,11,0,1744494751.2009974,high_latency,1
1139.896486768853,102.08222786462306,0.6507359066168994,0,2,3,1744494751.2119234,service_down,1
698.1569304174222,86.13540762996534,0.015655840777396287,1,12,0,1744494751.2009974,normal,0
728.1664881223614,92.07462280571401,0.025613170005666763,1,10,0,1744494751.2009974,normal,0
1066.9958556621086,120.03833351242017,0.6555365827473498,0,3,5,1744494751.2119234,service_down,1
1965.6240163235827,83.37125806918893,0.0016219271383957736,1,5,0,1744494751.2114143,memory_leak,1
911.2441042005456,110.01051443874434,0.27205218468460424,1,5,1,1744494751.2119234,error_rate,1
833.8025059258068,187.609986385037,0.08552357737547,0,16,1,1744494751.2114143,cpu_spike,1
803.9762574705143,88.37744190615386,0.4083893128202068,0,11,7,1744494751.2119234,service_down,1
781.5173370492946,81.30906919192067,0.30596139242991954,0,5,2,1744494751.2119234,error_rate,1
809.6214244237269,92.60969882530537,0.7448992968538972,0,2,5,1744494751.2119234,service_down,1
733.9405843404161,69.24869608729412,0.025762280650675456,1,15,0,1744494751.2009974,normal,0
962.6556126497406,158.21940833184118,0.19740605358115404,1,11,2,1744494751.2114143,cpu_spike,1
1362.3828573784815,71.83554532976098,0.0041308412646465014,0,15,0,1744494751.2009974,memory_leak,1
728.6865861049481,67.3303928527413,0.033341935054920814,1,18,0,1744494751.2009974,normal,0
2138.447843749472,92.84024429519857,0.010612626828669525,1,11,0,1744494751.2009974,memory_leak,1
1703.432851463473,97.70562444269903,0.046695073661086696,1,7,0,1744494751.2009974,memory_leak,1
1331.622704660013,91.1015516727984,0.0866641915143335,0,5,0,1744494751.2114143,memory_leak,1
755.4699687900263,113.63138502616673,0.008100024754162905,1,15,0,1744494751.2009974,high_latency,1
776.2519401131576,75.65609811303614,0.028425273334348713,1,6,0,1744494751.2009974,normal,0
646.942894635896,120.8698088263503,0.7700538082610973,0,3,10,1744494751.2119234,service_down,1
799.163164905907,92.95279202137387,0.043260528067752865,1,15,0,1744494751.2009974,normal,0
852.4726187941346,106.52817355748996,0.09672537879293792,1,16,1,1744494751.2009974,high_latency,1
824.0908780357008,89.58554103516144,0.017642031907348057,1,16,0,1744494751.2009974,normal,0
831.1432331154946,111.41702308738299,0.0557926755178418,1,5,0,1744494751.2009974,high_latency,1
790.58865992188,98.09481532253852,0.42659652576999496,1,11,8,1744494751.2119234,error_rate,1
811.7987999702254,74.365189907858,0.019316151290914962,1,12,0,1744494751.2009974,normal,0
812.4127644785591,201.1967743322718,0.15761244962539356,1,15,2,1744494751.2119234,cpu_spike,1
822.2566962695146,69.99143357780648,0.02506212952548802,1,14,0,1744494751.2009974,normal,0
805.1327307383056,71.91515856042375,0.40162741426814574,0,5,3,1744494751.2119234,service_down,1
958.3641268776125,145.6185850256959,0.17537770251989326,1,10,2,1744494751.2114143,cpu_spike,1
727.3806236597329,90.34500807327328,0.04530503128840005,1,18,0,1744494751.2009974,normal,0
817.226820258599,212.26720170918568,0.061259722584883235,1,18,1,1744494751.2119234,cpu_spike,1
870.8172775601313,95.42529319104436,0.032529891188333125,1,16,0,1744494751.2009974,high_latency,1
2222.51979188728,96.24626606459822,0.09389239327292559,1,16,1,1744494751.2009974,memory_leak,1
814.8869825946861,96.93844155365598,0.2097997691195443,1,5,1,1744494751.2119234,error_rate,1
736.4810276795938,102.14964450899329,0.3762726231925533,1,8,4,1744494751.2119234,error_rate,1
1720.4808381680668,77.55239673880753,0.05486586904573028,1,16,0,1744494751.2114143,memory_leak,1
794.5766535007457,89.83335447994295,0.0467645829583351,1,12,0,1744494751.2009974,normal,0
726.6070275878707,115.28212456986884,0.023196980702607263,1,12,0,1744494751.2009974,high_latency,1
1390.14731924474,85.44496746929597,0.06086418194637248,1,13,0,1744494751.2009974,memory_leak,1
865.8991090244011,98.0056592750187,0.01101504195246429,1,8,0,1744494751.2009974,high_latency,1
707.0309944721506,216.2926329085655,0.11294673858578977,0,7,0,1744494751.2114143,cpu_spike,1
724.5829741561687,169.84510274526687,0.13757951080187808,1,9,1,1744494751.2119234,cpu_spike,1
785.7198046695042,74.04578563547781,0.03128453024959437,1,5,0,1744494751.2009974,normal,0
1394.2692271377011,83.26835787439428,0.013009749721173981,1,14,0,1744494751.2009974,memory_leak,1
746.7009695600539,165.64623058761006,0.16951509687157285,1,8,1,1744494751.2119234,cpu_spike,1
926.1577295898952,163.65163770393397,0.19617436454968906,1,11,2,1744494751.2119234,cpu_spike,1
830.3476789218546,99.34237422988659,0.6302051520180953,0,1,1,1744494751.2119234,service_down,1
877.6100928832009,59.120928933540014,0.7552354428582788,0,3,9,1744494751.2119234,service_down,1
1154.9425150963307,62.92772455868515,0.6846686794547909,0,2,4,1744494751.2119234,service_down,1
826.1906793804162,89.73352840149734,0.03153742431452384,1,16,0,1744494751.2009974,normal,0
769.5376961075771,151.7016756600545,0.05414238199327895,1,8,0,1744494751.2119234,cpu_spike,1
1594.1796824379196,80.14928742063456,0.04317050630710009,1,14,0,1744494751.2009974,memory_leak,1
1709.4862071447237,103.27480641386629,0.07958098429915045,1,14,1,1744494751.2114143,memory_leak,1
882.2533663406031,115.76527065872062,0.07958784885312487,1,14,1,1744494751.2009974,high_latency,1
2119.4200330671383,89.14046190391207,0.051377687215435064,0,17,0,1744494751.2114143,memory_leak,1
964.6797589624484,149.6750733151196,0.10330908125899843,1,14,1,1744494751.2119234,cpu_spike,1
777.9958255824206,109.94026683484375,0.4719584506135917,0,7,6,1744494751.2119234,service_down,1
638.0661286524856,95.69264047771387,0.7919033186899558,0,1,3,1744494751.2119234,service_down,1
794.6292901501995,66.85748400489848,0.01816953797607886,1,19,0,1744494751.2009974,normal,0
2015.3402091902703,101.52727328264746,0.03761037217147174,0,12,0,1744494751.2009974,memory_leak,1
811.0326076880926,70.96880948216783,0.0298425966113832,1,5,0,1744494751.2009974,normal,0
770.8195293277772,93.55135814246364,0.009761194098657134,1,13,0,1744494751.2009974,high_latency,1
859.4508662331189,200.32863292864886,0.15945910673968294,1,11,2,1744494751.2119234,cpu_spike,1
848.7972708102689,110.60731634553977,0.06745846167816695,1,10,0,1744494751.2009974,high_latency,1
709.9554326826413,64.8548403083946,0.04118464030867438,1,14,0,1744494751.2009974,normal,0
724.5737715201159,127.5907630651449,0.6747945038512859,0,4,8,1744494751.2119234,service_down,1
813.5738518292665,220.00554338125067,0.08945734828326662,1,6,0,1744494751.2119234,cpu_spike,1
927.3635320929789,109.5086807831398,0.7444329023342309,0,2,5,1744494751.2119234,service_down,1
862.8784222045946,99.46085218006172,0.8841388879810385,0,0,0,1744494751.2119234,service_down,1
734.5899502355306,108.00429143255579,0.43288033898945366,0,7,5,1744494751.2119234,error_rate,1
784.8478925235038,81.05168161185091,0.46229989553246814,1,4,3,1744494751.2119234,error_rate,1
749.9715605896126,76.02210452697933,0.032904416360394144,1,12,0,1744494751.2009974,normal,0
1929.9220411137285,94.80247733875811,0.0844197614541849,0,9,0,1744494751.2009974,memory_leak,1
792.0708253070935,67.83332051131177,0.04174679252084594,1,8,0,1744494751.2009974,normal,0
1781.623516817938,86.01157669233258,0.05500734718903055,1,6,0,1744494751.2009974,memory_leak,1
750.1977890289859,96.68400235435622,0.09251905202489241,1,10,1,1744494751.2009974,high_latency,1
2100.194570637256,77.67878241013254,0.058569875032756784,1,11,0,1744494751.2009974,memory_leak,1
1143.7153179386023,81.01220334472143,0.4688359642942001,0,7,6,1744494751.2119234,service_down,1
844.911970437928,118.58205152269997,0.040841822253189136,1,7,0,1744494751.2009974,high_latency,1
1213.3470743014177,74.08930503402111,0.015125278811259047,1,12,0,1744494751.2009974,memory_leak,1
1569.206542381242,80.8287845947725,0.0041347680046564085,1,8,0,1744494751.2009974,memory_leak,1
1038.3318753614926,82.6053715418941,0.6812296540500096,0,1,2,1744494751.2119234,service_down,1
838.9839789076498,84.368822028916,0.38551762941814005,1,11,6,1744494751.2119234,error_rate,1
875.9854618849149,229.24241483586388,0.19005535501854764,0,4,0,1744494751.2119234,cpu_spike,1
766.8884592489018,96.93213668140416,0.02033662494227817,1,16,0,1744494751.2009974,high_latency,1
806.8170459978057,87.42394021355435,0.34094957152269123,1,5,2,1744494751.2119234,error_rate,1
878.1217536207544,110.19036860018625,0.0908510432190341,1,16,1,1744494751.2009974,high_latency,1
869.2272414443735,84.76939546857062,0.48828557153124613,1,2,1,1744494751.2119234,error_rate,1
1945.794654035536,79.86054932900045,0.08272110052841021,0,10,0,1744494751.2009974,memory_leak,1
748.854411071156,75.1648074719198,0.009776498105602095,1,12,0,1744494751.2009974,normal,0
857.05997054097,159.4199237839595,0.1225982031119378,1,11,1,1744494751.2119234,cpu_spike,1
744.2415373225848,86.72829337768655,0.03330599570798886,1,5,0,1744494751.2009974,normal,0
977.1216492690868,159.79404319328137,0.16073415186495088,0,15,2,1744494751.2119234,cpu_spike,1
627.6462638016824,70.43661374658522,0.4500118010784306,0,8,6,1744494751.2119234,service_down,1
645.8866789908391,88.80744869544421,0.6194497743222753,0,4,6,1744494751.2119234,service_down,1
748.5878474424478,56.28993364339128,0.49731689725267864,1,9,8,1744494751.2119234,service_down,1
892.6994213515381,111.55678318505997,0.03708939330070339,1,14,0,1744494751.2009974,high_latency,1
772.4524398798045,100.17142390095394,0.009991662710554662,1,17,0,1744494751.2009974,high_latency,1
784.1322692064141,89.15941024441997,0.21836807061287455,0,4,1,1744494751.2119234,error_rate,1
696.0649979004071,117.14071844616038,0.09735588809922036,1,13,1,1744494751.2009974,high_latency,1
1063.9197189012336,70.43332338820798,0.8795270513358426,0,2,14,1744494751.2119234,service_down,1
865.3322021160214,77.36857103519525,0.40515394706321606,1,7,4,1744494751.2119234,error_rate,1
797.9550174973317,93.66060933929441,0.06335818962578643,1,8,0,1744494751.2009974,high_latency,1
716.6564392736859,79.66590841737695,0.0266920116743173,1,17,0,1744494751.2009974,normal,0
1881.8395417903691,74.40348302813018,0.04212304374556484,0,5,0,1744494751.2009974,memory_leak,1
1272.1470222718403,89.39047547041108,0.010492841621777306,1,8,0,1744494751.2009974,memory_leak,1
1602.614358184986,80.03319653973901,0.012807633067590652,1,8,0,1744494751.2009974,memory_leak,1
797.5068727744136,207.98034105849354,0.17517149099584883,1,7,1,1744494751.2119234,cpu_spike,1
2281.7615449323457,72.58010713105234,0.09535970760540768,1,15,1,1744494751.2114143,memory_leak,1
924.7136323470877,104.01733390510306,0.4854058974511121,1,8,7,1744494751.2119234,error_rate,1
740.6248968175894,76.00401238051747,0.029832136943654487,1,14,0,1744494751.2009974,normal,0
823.1384259022666,75.63731686963649,0.014584861659188049,1,19,0,1744494751.2009974,normal,0
847.5595658352148,105.54712125367251,0.37003834563505233,1,9,5,1744494751.2119234,error_rate,1
1136.2478051717699,94.46289590900713,0.45933540130404443,0,8,6,1744494751.2119234,service_down,1
928.5583852825889,126.29034872067245,0.4518101839618337,0,2,1,1744494751.2119234,service_down,1
753.6002957622811,72.85906111673836,0.21360826865960483,0,11,2,1744494751.2119234,error_rate,1
2161.868051217819,85.84997000435386,0.011134124607256247,1,17,0,1744494751.2009974,memory_leak,1
986.3155039501194,214.89863863131959,0.09531267173319698,0,7,0,1744494751.2119234,cpu_spike,1
1682.5233392210316,73.76495635258574,0.026951532839837512,1,8,0,1744494751.2009974,memory_leak,1
850.6404160331408,214.8890187239507,0.16682191444953898,1,4,0,1744494751.2119234,cpu_spike,1
1113.6090547471451,93.07281192922227,0.4479883232882603,0,5,4,1744494751.2119234,service_down,1
812.0302851676664,76.31860543490819,0.2460484985839954,1,8,2,1744494751.2119234,error_rate,1
1089.8662726565803,88.23627217355258,0.57747720334858,0,2,2,1744494751.2119234,service_down,1
717.1951468662785,80.85851255400259,0.4552926379295616,0,6,5,1744494751.2119234,error_rate,1
761.7035277674081,84.49480795491192,0.03142400545307719,1,4,0,1744494751.2009974,normal,0
711.1459830448597,100.20711862125873,0.6762313916318192,1,6,12,1744494751.2119234,service_down,1
844.153341573287,216.96083728854165,0.1553288504053298,1,15,2,1744494751.2119234,cpu_spike,1
849.5296379108764,86.0422542133864,0.4628289119990249,1,2,1,1744494751.2119234,error_rate,1
2183.6436145935363,95.34260394891808,0.06851102572953481,1,8,0,1744494751.2009974,memory_leak,1
873.9486494347796,76.91342760161317,0.48668946490220505,0,4,3,1744494751.2119234,error_rate,1
785.6018715171884,118.68579540798108,0.009029609015143436,1,15,0,1744494751.2009974,high_latency,1
728.2923846734933,76.89410544475022,0.030193812264447974,1,6,0,1744494751.2009974,normal,0
973.9536237983118,159.19772850794322,0.0770433273351771,1,6,0,1744494751.2114143,cpu_spike,1
924.8843631377483,84.06611093708614,0.23974635740513073,1,10,3,1744494751.2119234,error_rate,1
1256.3872319684147,74.79929345483161,0.030204289548989696,1,11,0,1744494751.2009974,memory_leak,1
799.996856345992,75.49148848267296,0.02678187020866902,1,14,0,1744494751.2009974,normal,0
742.2838240727967,70.77987136229777,0.03445922406288752,1,7,0,1744494751.2009974,normal,0
977.7354232864782,57.05829444803541,0.4689873548799185,1,4,3,1744494751.2119234,service_down,1
1093.8854889852175,87.64695325263418,0.6494226809641359,0,3,5,1744494751.2119234,service_down,1
1155.5715214056863,64.07931323837546,0.6590602429259524,0,4,7,1744494751.2119234,service_down,1
893.9335371253087,94.98443347161901,0.3248298939500107,0,9,4,1744494751.2119234,error_rate,1
2026.8256529864427,95.57258435363504,0.008869043928535025,1,15,0,1744494751.2009974,memory_leak,1
874.4384130336783,86.86880157085986,0.3706680007412826,0,5,2,1744494751.2119234,error_rate,1
764.3293610329001,190.1389167503911,0.12545460286090665,1,15,2,1744494751.2119234,cpu_spike,1
1363.8982500735224,90.51345167867447,0.049008388839651744,1,10,0,1744494751.2009974,memory_leak,1
827.8713196592685,173.9156390230834,0.08890992200709957,1,8,0,1744494751.2119234,cpu_spike,1
820.8369964812398,110.89618518511777,0.0483214142957765,1,7,0,1744494751.2009974,high_latency,1
901.5605441477559,214.76756583095877,0.07948221526382084,1,12,1,1744494751.2119234,cpu_spike,1
749.4301761197371,75.40691703386447,0.027274236662969343,1,18,0,1744494751.2009974,normal,0
814.5173271503405,81.93050009656615,0.007106257186615262,1,10,0,1744494751.2009974,normal,0
761.7170736772487,110.30563455190833,0.6982235113433255,0,2,4,1744494751.2119234,service_down,1
1465.1417528914922,99.39989840576288,0.053112362152042125,1,16,0,1744494751.2009974,memory_leak,1
1914.1737295110552,74.80412126934671,0.06756894230775733,1,14,1,1744494751.2009974,memory_leak,1
919.6741230260596,124.44071878293926,0.830805974292573,0,1,4,1744494751.2119234,service_down,1
728.9110033500322,208.81656612299253,0.09685369356715928,1,10,1,1744494751.2114143,cpu_spike,1
1470.8809501712467,82.91600917212565,0.029221609314713206,1,5,0,1744494751.2009974,memory_leak,1
2073.266705817146,84.92006714636966,0.03156152576552206,1,12,0,1744494751.2009974,memory_leak,1
890.9862710371254,100.73141698167629,0.011631180111572326,0,17,0,1744494751.2009974,high_latency,1
767.7357131422194,111.53022426532681,0.363412360149391,1,7,3,1744494751.2119234,error_rate,1
794.0015118409192,74.93393264356466,0.8665207147919781,0,2,12,1744494751.2119234,service_down,1
850.8089849348912,66.5624737922778,0.6478047521993131,0,2,3,1744494751.2119234,service_down,1
876.4583614495917,159.64709291530346,0.1735072585257987,1,4,0,1744494751.2119234,cpu_spike,1
907.7345351906765,169.6742643970854,0.051942093155737945,0,12,0,1744494751.2114143,cpu_spike,1
660.3033866962948,109.20669659292955,0.42938920314796086,0,10,7,1744494751.2119234,service_down,1
719.6726174075433,72.5129675760787,0.03209508981250136,1,17,0,1744494751.2009974,normal,0
809.5976842961285,91.98949846277708,0.0125155129349791,1,16,0,1744494751.2009974,high_latency,1
952.5983272954733,58.403393841956024,0.8544581891313765,0,2,11,1744494751.2119234,service_down,1
694.2752215064069,96.78088578030417,0.21461488435507187,0,9,2,1744494751.2119234,error_rate,1
862.9635280911549,213.27410444665463,0.19093412025525086,0,13,3,1744494751.2114143,cpu_spike,1
898.9308269565157,110.49079753559941,0.08109601873817268,1,16,1,1744494751.2009974,high_latency,1
881.1274554989873,93.72252600610669,0.3603313879023191,1,9,5,1744494751.2119234,error_rate,1
777.4887372030133,87.49618321349523,0.0449404427341935,1,10,0,1744494751.2009974,normal,0
805.6796046430449,101.57087475581226,0.31763263986774104,1,10,4,1744494751.2119234,error_rate,1
2167.9194140450722,92.20509073290626,0.05097730337107991,1,13,0,1744494751.2009974,memory_leak,1
746.6019728349313,58.317635228615075,0.44691224756771203,0,8,6,1744494751.2119234,service_down,1
762.5936304608839,108.26835477784225,0.6559084492573976,0,6,11,1744494751.2119234,service_down,1
712.5996500978623,125.52927730592853,0.8886696255195214,0,1,7,1744494751.2119234,service_down,1
901.6071809958836,100.7782538670654,0.49083522074602487,1,9,8,1744494751.2119234,error_rate,1
797.7160494418964,76.98421689471355,0.04425220653744751,1,14,0,1744494751.2009974,normal,0
942.0907068619335,196.2500042296952,0.09292158073742633,1,10,1,1744494751.2119234,cpu_spike,1
1133.1148464926814,73.06369458963098,0.8075474818483959,0,1,4,1744494751.2119234,service_down,1
861.5379515554438,156.7064822709234,0.15200860989622458,0,7,1,1744494751.2119234,cpu_spike,1
756.6243157495617,114.05822674451673,0.7408132593554042,0,1,2,1744494751.2119234,service_down,1
896.0845342725999,123.43930535943574,0.8336331451869402,0,2,10,1744494751.2119234,service_down,1
1360.175265609647,81.70911177743349,0.0006044737310618498,1,9,0,1744494751.2009974,memory_leak,1
706.9849116750989,90.24436429439211,0.026116410116068352,1,9,0,1744494751.2009974,normal,0
811.6838729257878,149.78089813348433,0.15042779201867407,1,14,2,1744494751.2119234,cpu_spike,1
728.9945455832283,175.48018315194992,0.19266510393795733,1,11,2,1744494751.2114143,cpu_spike,1
1903.3896896339343,92.61882911253863,0.09829827485155104,1,12,1,1744494751.2009974,memory_leak,1
765.7856755629755,89.9171338867058,0.017710995728555137,1,17,0,1744494751.2009974,normal,0
776.1875650265308,114.46833000995456,0.05034808497265151,1,16,0,1744494751.2009974,high_latency,1
740.5983486420633,190.10017192966407,0.17107020355120076,1,15,3,1744494751.2119234,cpu_spike,1
811.1235231629894,69.1561053104481,0.047546471752110984,1,14,0,1744494751.2009974,normal,0
761.6509503563932,109.00254173913447,0.031270414888699714,1,12,0,1744494751.2009974,high_latency,1
709.7302180124287,105.5755760606492,0.25000669828773175,1,12,4,1744494751.2119234,error_rate,1
866.9956425441627,89.41016157477208,0.02939694377363078,1,18,0,1744494751.2009974,high_latency,1
1665.9061482337472,100.65196316251578,0.004984902022223481,1,15,0,1744494751.2114143,memory_leak,1
919.9022268814202,224.16962521487955,0.0705364104310608,1,5,0,1744494751.2119234,cpu_spike,1
791.1887713868698,225.64087541647564,0.09356048404508843,0,6,0,1744494751.2119234,cpu_spike,1
789.9434053443209,117.40376892105786,0.05119458275321315,1,10,0,1744494751.2009974,high_latency,1
749.5517807910302,102.23339415244176,0.09985378600354583,1,16,1,1744494751.2009974,high_latency,1
903.4971309068209,91.25397353174387,0.34933787146331186,0,4,2,1744494751.2119234,error_rate,1
896.6945405602048,106.98182693351129,0.059451525257511045,1,10,0,1744494751.2009974,high_latency,1
821.780227860413,86.70123569022327,0.038281272105375595,1,18,0,1744494751.2009974,normal,0
897.437372822312,68.49123431377818,0.8052797391741057,0,1,4,1744494751.2119234,service_down,1
1240.0783575985736,87.78979098270761,0.04836973257248135,1,10,0,1744494751.2009974,memory_leak,1
787.4542532529056,80.46893369980694,0.007097465568937389,1,12,0,1744494751.2009974,normal,0
738.5005634072674,99.38853752110533,0.05004364726134595,1,12,0,1744494751.2009974,high_latency,1
707.5847296305087,225.22956597508534,0.19397455270612268,1,14,3,1744494751.2119234,cpu_spike,1
1148.5638672288705,111.2375804967754,0.4775240503033822,0,8,7,1744494751.2119234,service_down,1
620.944005777715,67.49975376027771,0.7612870420247234,0,3,9,1744494751.2119234,service_down,1
826.4147643429583,74.64950089407446,0.04003373344067418,1,8,0,1744494751.2009974,normal,0
725.484072040029,90.02787384877189,0.007838388599665087,1,13,0,1744494751.2009974,normal,0
866.5070174794199,96.24406761915246,0.02310087232408228,1,7,0,1744494751.2009974,high_latency,1
778.9817179202297,92.4491365812896,0.04014496353857749,1,11,0,1744494751.2009974,normal,0
790.1098122422856,75.12479687100875,0.035177244156608604,1,17,0,1744494751.2009974,normal,0
2291.540043714551,101.12302894802141,0.03891076179143804,1,16,0,1744494751.2009974,memory_leak,1
748.8972286509987,229.90718607847384,0.07491771328079953,1,16,1,1744494751.2119234,cpu_spike,1
1583.017652188932,103.65794320596676,0.09009399100660577,1,11,1,1744494751.2009974,memory_leak,1
835.6746780243881,90.37825286520993,0.04144590027939524,1,13,0,1744494751.2009974,normal,0
714.5904452107189,80.48601260118343,0.7861639143454573,0,1,3,1744494751.2119234,service_down,1
796.9994422976048,114.5089213790963,0.03743197620995122,1,13,0,1744494751.2009974,high_latency,1
1577.2540300547362,82.33529809752692,0.04822447545992342,1,18,0,1744494751.2009974,memory_leak,1
816.9844266979445,73.1326488247209,0.3364682936665282,0,9,4,1744494751.2119234,error_rate,1
1137.5120839125195,72.80057175967234,0.7245860900349049,0,3,7,1744494751.2119234,service_down,1
801.3173112369167,99.5196628457343,0.04402085759147556,1,13,0,1744494751.2009974,high_latency,1
863.1529093149618,112.30540073213481,0.6652810969227659,0,6,11,1744494751.2119234,service_down,1
710.5116172362481,69.37488164639807,0.023854221209867205,1,7,0,1744494751.2009974,normal,0
723.0811233020926,65.03996554073896,0.5015651926883036,0,7,7,1744494751.2119234,service_down,1
876.0040754896022,85.245366291869,0.23649088331076265,0,5,1,1744494751.2119234,error_rate,1
852.7740478757669,107.7351934738335,0.07705126519805203,1,17,1,1744494751.2009974,high_latency,1
1774.1584652271708,80.73167351731021,0.029164342252940414,1,8,0,1744494751.2114143,memory_leak,1
799.0653645371302,107.23779277964783,0.0926583532150318,1,6,0,1744494751.2009974,high_latency,1
760.9287661961276,87.36626777567376,0.4888872224717031,1,3,2,1744494751.2119234,error_rate,1
1693.8891843913327,87.0418606069599,0.023460919717061546,1,8,0,1744494751.2009974,memory_leak,1
2117.0008314772067,90.63542709622975,0.03962520632760084,1,5,0,1744494751.2009974,memory_leak,1
1829.8638276083943,87.70243949269076,0.015333253177351925,1,18,0,1744494751.2009974,memory_leak,1
761.5697734874165,120.00722330565256,0.8365122182586293,0,2,10,1744494751.2119234,service_down,1
702.5651577799167,99.36607423266774,0.3504832257908749,1,12,6,1744494751.2119234,error_rate,1
1259.5976615658751,100.8062401344844,0.067567905357048,0,6,0,1744494751.2009974,memory_leak,1
711.6662473223233,116.05928613801703,0.020794477895518082,1,8,0,1744494751.2009974,high_latency,1
857.5646815058388,167.94181636095027,0.06176010543843882,1,4,0,1744494751.2119234,cpu_spike,1
800.7664231608718,90.05128510545467,0.026139352420299262,1,17,0,1744494751.2009974,normal,0
782.9846864930848,107.94731811428004,0.37933999411229957,1,6,3,1744494751.2119234,error_rate,1
836.2831227302147,92.44748557116186,0.048306490584686064,1,15,0,1744494751.2009974,normal,0
904.1672281613678,74.75519072503846,0.22411695374007387,1,13,3,1744494751.2119234,error_rate,1
783.5914570800728,109.31505257449842,0.33411907680248576,1,11,5,1744494751.2119234,error_rate,1
2086.4648874127492,87.15360986206593,0.03518906298681253,1,17,0,1744494751.2009974,memory_leak,1
728.8791846766483,95.72435423930187,0.4522152559045179,0,4,3,1744494751.2119234,error_rate,1
910.923905145099,84.51659140397632,0.3401034208712297,1,10,5,1744494751.2119234,error_rate,1
1596.0978803399473,78.66149099638454,0.009393992642059824,1,16,0,1744494751.2009974,memory_leak,1
920.7827847835373,103.97687450652981,0.06310073285027848,1,6,0,1744494751.2009974,high_latency,1
799.9201777963804,87.53004681881956,0.009905381529834235,1,8,0,1744494751.2009974,normal,0
963.0873314935955,145.34422758174142,0.15678642628150644,1,6,1,1744494751.2119234,cpu_spike,1
2237.5956284980734,95.83415793224776,0.006541949629490407,1,11,0,1744494751.2009974,memory_leak,1
855.1167694569448,236.1398656898666,0.12392150536562006,0,10,1,1744494751.2119234,cpu_spike,1
697.5283770407402,58.82044067062678,0.4080812156031854,0,10,6,1744494751.2119234,service_down,1
696.9936607910615,206.67646350117357,0.07947943599919044,1,13,1,1744494751.2119234,cpu_spike,1
833.768336738029,89.0665299104889,0.47604333160717793,0,7,6,1744494751.2119234,error_rate,1
846.8732031301531,72.32400099100053,0.016050969458081377,1,18,0,1744494751.2009974,normal,0
800.9828076403545,106.36492004257161,0.2857028746408535,1,13,5,1744494751.2119234,error_rate,1
730.2340656771626,105.46985593883699,0.47351266923648644,0,6,5,1744494751.2119234,error_rate,1
1240.8516910872502,82.34144381961625,0.05345387925074703,1,15,0,1744494751.2009974,memory_leak,1
866.2386683810577,117.44093097469516,0.033176428968877625,1,5,0,1744494751.2009974,high_latency,1
809.2683058443348,90.16296785680338,0.2217468534358669,1,15,4,1744494751.2119234,error_rate,1
808.8285719840459,145.11260466861356,0.06924657824019248,0,4,0,1744494751.2119234,cpu_spike,1
1024.9348206959828,58.5043849826845,0.8343983690961093,0,1,5,1744494751.2119234,service_down,1
1392.1475287017338,95.35739378844133,0.08905540820520627,1,17,1,1744494751.2114143,memory_leak,1
1271.577316938419,78.049750975596,0.0923999085237873,1,17,1,1744494751.2009974,memory_leak,1
902.5603042752618,95.87639887668665,0.3299570360652971,0,3,1,1744494751.2119234,error_rate,1
731.636856585687,105.56219973166793,0.4390279403178948,1,5,3,1744494751.2119234,error_rate,1
819.855871161111,125.00175300349574,0.6372614696956235,0,3,5,1744494751.2119234,service_down,1
918.7349954178206,110.33853151474392,0.07619593991289769,1,18,1,1744494751.2009974,high_latency,1
1988.9384770705997,78.44470800955287,0.06384626144136928,1,10,0,1744494751.2009974,memory_leak,1
851.7292733999536,98.61760868043925,0.3303299219487176,1,12,5,1744494751.2119234,error_rate,1
773.1831316565124,117.69917429935875,0.04988968470342795,1,9,0,1744494751.2009974,high_latency,1
1973.3767915534604,86.08560248271357,0.02763672460711432,1,12,0,1744494751.2114143,memory_leak,1
854.4278917954849,72.83451616656639,0.48595014234569506,1,5,4,1744494751.2119234,error_rate,1
645.345363400806,63.01920366682253,0.6706173030404883,0,5,10,1744494751.2119234,service_down,1
777.8987142652988,153.69080325635227,0.1775231577058326,1,10,2,1744494751.2119234,cpu_spike,1
906.1729514134588,88.85319512851963,0.0013360143870372876,1,6,0,1744494751.2009974,high_latency,1
1822.070208453369,87.7385025831072,0.015653830205001464,1,5,0,1744494751.2009974,memory_leak,1
1384.5809161185318,75.8830682101394,0.0980952003816066,1,4,0,1744494751.2009974,memory_leak,1
1233.634830516221,97.26381656373383,0.007357358200679132,1,19,0,1744494751.2009974,memory_leak,1
1373.0588892680732,82.84894175759354,0.02174747237198257,1,8,0,1744494751.2009974,memory_leak,1
735.2043636457479,72.36713971030386,0.005928815269484512,1,19,0,1744494751.2009974,normal,0
882.3053948263689,110.68611892613745,0.09209052527329216,1,9,0,1744494751.2009974,high_latency,1
717.6652454020432,97.74411977813892,0.023309502180620435,1,18,0,1744494751.2009974,high_latency,1
1792.4660117646679,83.35760158461363,0.0559589612581927,1,12,0,1744494751.2009974,memory_leak,1
877.5818172254362,216.84634939290538,0.055237312533653396,1,9,0,1744494751.2119234,cpu_spike,1
789.3278390576979,80.99483198166011,0.021318739695153074,1,12,0,1744494751.2009974,normal,0
741.4025336518926,111.66625294152814,0.3296433086828022,0,11,5,1744494751.2119234,error_rate,1
1914.2199668125486,98.51563899040805,0.025421368410501445,1,10,0,1744494751.2009974,memory_leak,1
723.0549519091852,98.94971081152687,0.41798942363729163,1,6,4,1744494751.2119234,error_rate,1
877.5207973823165,144.31405977595506,0.07456513908786108,1,10,0,1744494751.2119234,cpu_spike,1
723.3402587134167,211.78390706182665,0.05768435005746154,1,8,0,1744494751.2119234,cpu_spike,1
778.5527492984613,209.83651284397794,0.07383714965622948,1,7,0,1744494751.2119234,cpu_spike,1
986.4770736012238,82.01481163845587,0.64538605198317,0,1,1,1744494751.2119234,service_down,1
942.275002609874,148.84813862585116,0.18520799938559612,1,7,1,1744494751.2119234,cpu_spike,1
743.1648972963274,92.42294869392882,0.04302715639391564,1,6,0,1744494751.2009974,normal,0
872.3471073751512,97.30900702329319,0.07115495956482203,1,9,0,1744494751.2009974,high_latency,1
695.2256426397881,87.96859736477627,0.04259793733432357,1,18,0,1744494751.2009974,normal,0
1065.336495867255,113.68602575992324,0.5021934301779347,0,6,6,1744494751.2119234,service_down,1
892.1626414206175,151.56298454672336,0.10961537577759717,1,7,0,1744494751.2119234,cpu_spike,1
779.346744238747,82.74811098887632,0.5044352788298632,0,7,7,1744494751.2119234,service_down,1
714.741207232664,96.08550336564443,0.526430830854792,0,2,2,1744494751.2119234,service_down,1
1366.7598378844164,92.39271476534012,0.03527131671768,1,15,0,1744494751.2009974,memory_leak,1
779.1729499305661,166.53683567902826,0.1994952968798242,1,5,1,1744494751.2119234,cpu_spike,1
2047.6404570890827,77.02170590171315,0.06790808756546358,1,16,1,1744494751.2009974,memory_leak,1
711.4103697624524,92.98390939602139,0.0316577972084746,1,8,0,1744494751.2009974,normal,0
711.1634415647113,199.5899619771524,0.077030752363993,1,13,1,1744494751.2114143,cpu_spike,1
805.7129544257216,91.62939931637456,0.49519096039781335,1,2,1,1744494751.2119234,error_rate,1
850.3153901228205,90.23392751394618,0.01663468295621574,1,10,0,1744494751.2009974,high_latency,1
882.8149069735811,96.3794593936159,0.08457618840282027,1,8,0,1744494751.2009974,high_latency,1
902.9960085945762,109.00689138890849,0.03000719103944608,1,5,0,1744494751.2009974,high_latency,1
825.8615195601863,88.81490361661764,0.004370749176580119,1,12,0,1744494751.2009974,normal,0
778.5062983846844,101.79805737614706,0.0026736598846198723,1,16,0,1744494751.2009974,high_latency,1
859.3467454923856,122.83030777776432,0.4653493313435604,0,7,6,1744494751.2119234,service_down,1
923.1205784196793,180.35117860652394,0.14468127012034984,1,13,2,1744494751.2119234,cpu_spike,1
964.8235903568325,211.0785703060634,0.06885382954324,0,16,1,1744494751.2119234,cpu_spike,1
768.355674441007,112.29312716550083,0.09329270906090091,1,9,0,1744494751.2009974,high_latency,1
746.4726543508624,102.91221266572546,0.09479041916045056,1,5,0,1744494751.2009974,high_latency,1
1070.8531322435192,59.37296990064056,0.8682125386998347,1,0,0,1744494751.2119234,service_down,1
912.7066847527634,204.13326059055697,0.149656427354328,1,9,1,1744494751.2114143,cpu_spike,1
792.5365690550417,69.43903496542269,0.002295149478469316,1,7,0,1744494751.2009974,normal,0
732.6636491249687,72.38361561313467,0.36890632254842876,1,4,2,1744494751.2119234,error_rate,1
1503.7141700178004,79.14087046816066,0.01058874518211368,1,18,0,1744494751.2009974,memory_leak,1
887.1697465063689,195.67202537033432,0.11458526486988527,1,13,1,1744494751.2119234,cpu_spike,1
761.8912747422289,94.20185079768572,0.44384111886971883,1,9,7,1744494751.2119234,error_rate,1
936.8423604868356,209.01132303666904,0.0503997840679282,0,5,0,1744494751.2119234,cpu_spike,1
854.9306174817757,112.64305907849692,0.035631982484335266,1,9,0,1744494751.2009974,high_latency,1
1198.1469139924131,72.0226357304303,0.036035412404767556,1,6,0,1744494751.2009974,memory_leak,1
886.9070357412288,119.17550458736636,0.09646449432459449,1,17,1,1744494751.2009974,high_latency,1
754.1086626784969,88.23637445393125,0.03982112559217822,1,7,0,1744494751.2009974,normal,0
1066.96611509618,58.84187916716917,0.7400448296227713,0,1,2,1744494751.2119234,service_down,1
697.9813575295206,98.2228068077534,0.02492800128164524,1,16,0,1744494751.2009974,high_latency,1
2141.337908266473,91.30704760741585,0.07096163301643928,0,8,0,1744494751.2009974,memory_leak,1
844.8399623887535,109.18134051590498,0.0438064174522699,0,8,0,1744494751.2009974,high_latency,1
709.7600101257143,70.69001973616469,0.01196060782751226,0,8,0,1744494751.2009974,normal,0
856.6373672098263,73.45847212254056,0.41630279784845803,1,3,2,1744494751.2119234,service_down,1
908.9112562391176,88.67365157145048,0.05752342766853291,1,11,0,1744494751.2009974,high_latency,1
1719.7201194755232,88.48825288021291,0.0499912997479279,1,18,0,1744494751.2114143,memory_leak,1
1062.5909226135227,124.38962741707746,0.6122743614675894,0,2,3,1744494751.2119234,service_down,1
1651.3883914030262,80.36667817386348,0.01791555710776982,1,13,0,1744494751.2114143,memory_leak,1
731.647114783068,111.73637950106335,0.02602130083284875,0,10,0,1744494751.2009974,high_latency,1
913.9402518142514,191.20876815482796,0.16242522471122578,1,12,2,1744494751.2119234,cpu_spike,1
747.8831512181603,80.6166515811567,0.008224932345918395,1,12,0,1744494751.2009974,normal,0
1022.8432343384488,96.12252257015106,0.7070400405554069,0,5,12,1744494751.2119234,service_down,1
725.3591084978326,158.91301462121785,0.09944235006942043,1,4,0,1744494751.2119234,cpu_spike,1
703.3061727205862,85.55378380426197,0.04230242637041212,1,6,0,1744494751.2009974,normal,0
837.784130938084,85.30369931929116,0.015441486904704921,1,6,0,1744494751.2009974,normal,0
2040.333807511517,79.25748295934898,0.012248519859038454,1,12,0,1744494751.2114143,memory_leak,1
724.510540434884,93.0445476652973,0.04408697443690951,1,14,0,1744494751.2009974,normal,0
1023.156248168686,68.16915720471475,0.5378645326883855,0,8,9,1744494751.2119234,service_down,1
2303.1529822690873,76.17031860289816,0.07526762128497845,1,10,0,1744494751.2009974,memory_leak,1
954.199143326007,150.66204511236134,0.05003916989426252,1,7,0,1744494751.2114143,cpu_spike,1
1116.1793601583638,112.54332152849389,0.42844937433244373,0,8,5,1744494751.2119234,service_down,1
733.1343052700605,95.52366504143612,0.21419409280106888,1,14,3,1744494751.2119234,error_rate,1
787.7612551590045,92.26420331514895,0.05593666844185135,1,8,0,1744494751.2009974,high_latency,1
776.0189911895612,71.05537330987886,0.010630525155975052,1,7,0,1744494751.2009974,normal,0
818.7825392890006,190.74978774921905,0.09197124057788722,1,14,1,1744494751.2119234,cpu_spike,1
810.1424099876127,76.39314909252172,0.04522923949108301,1,7,0,1744494751.2009974,normal,0
798.8493993641322,91.16335553531344,0.012640967738777681,1,12,0,1744494751.2009974,normal,0
811.5285186099381,67.90413079837,0.04694235732142019,1,8,0,1744494751.2009974,normal,0
2166.1904938435687,95.72012032892424,0.0748452305720209,1,12,0,1744494751.2009974,memory_leak,1
695.7783591366683,107.06049027749881,0.07149141021087843,1,7,0,1744494751.2009974,high_latency,1
844.4424526623357,80.45439618884721,0.0262834726490421,1,5,0,1744494751.2009974,normal,0
1244.2285023955117,76.50489820406693,0.09779243611520563,1,11,1,1744494751.2009974,memory_leak,1
698.4898374697364,148.19894662346186,0.05004594089806406,0,13,0,1744494751.2119234,cpu_spike,1
1865.5444247937166,100.13879994746361,0.015563090614626641,1,18,0,1744494751.2009974,memory_leak,1
788.0297118644118,84.33685442199099,0.31928239669451874,0,6,2,1744494751.2119234,error_rate,1
712.7549277500381,102.72081152946802,0.32981366557357533,1,7,3,1744494751.2119234,error_rate,1
1425.9699288010063,99.21276997543045,0.05222710045639814,1,18,0,1744494751.2114143,memory_leak,1
837.3252771887319,94.46713799369121,0.04159999309004089,1,12,0,1744494751.2009974,high_latency,1
830.790845456602,108.08893346453681,0.38526328136744525,0,5,3,1744494751.2119234,error_rate,1
852.9362588131405,93.38541403993403,0.01362080159401028,1,15,0,1744494751.2009974,high_latency,1
2106.357793463196,81.63413798952607,0.02215998931064015,1,7,0,1744494751.2009974,memory_leak,1
780.1112789778394,95.50784190353257,0.045452951392943,1,17,0,1744494751.2009974,normal,0
787.3136553491678,107.80036097921334,0.07012595347619917,1,10,0,1744494751.2009974,high_latency,1
730.9140687002989,100.29014609558504,0.43679778408409614,0,6,4,1744494751.2119234,service_down,1
761.5597679110223,93.19927627016293,0.016743516094986255,1,16,0,1744494751.2009974,high_latency,1
781.0706181877786,82.46352589873902,0.010919475179059047,1,15,0,1744494751.2009974,normal,0
782.3475264782946,98.50095822295643,0.23695030269475886,1,7,2,1744494751.2119234,error_rate,1
757.3346347304316,95.64666613744205,0.05929795213921584,1,17,1,1744494751.2009974,high_latency,1
1086.6490426209425,85.18306461883802,0.6319880146025879,1,2,3,1744494751.2119234,service_down,1
2035.2001508943022,83.04142555916228,0.041494675531973946,1,15,0,1744494751.2009974,memory_leak,1
1894.314192972995,102.91230656720873,0.08721291853586417,1,12,1,1744494751.2009974,memory_leak,1
908.7817287882984,91.11016300124331,0.34510199174445444,1,11,5,1744494751.2119234,error_rate,1
866.9811193321791,107.58975108351649,0.02113662045536361,1,8,0,1744494751.2009974,high_latency,1
794.7215209782844,119.16428144184161,0.024544865765812995,1,10,0,1744494751.2009974,high_latency,1
894.3468756727211,69.60335254129946,0.8404770094686252,0,1,5,1744494751.2119234,service_down,1
721.7034530537564,84.95330760327455,0.2321864211894059,1,12,3,1744494751.2119234,error_rate,1
860.1386615150466,91.68249270460892,0.482217002488363,0,8,7,1744494751.2119234,error_rate,1
989.5645970252781,221.67265087783318,0.05201711959077516,1,11,0,1744494751.2114143,cpu_spike,1
921.3637945003914,108.15306266671853,0.4617761593246413,1,9,7,1744494751.2119234,error_rate,1
794.124211747969,70.023028464628,0.031806345753794645,1,8,0,1744494751.2009974,normal,0
892.9654311063512,63.98500135455988,0.7182862324797636,0,3,7,1744494751.2119234,service_down,1
784.520021106835,182.3787487893526,0.15597335903905402,1,14,2,1744494751.2119234,cpu_spike,1
702.0250111502428,87.49046896972928,0.5395236645871586,0,5,5,1744494751.2119234,service_down,1
799.0045853667361,111.26569749523576,0.6293136842482714,0,5,8,1744494751.2119234,service_down,1
1092.3290400437672,86.81130053749571,0.6351271231269514,0,3,5,1744494751.2119234,service_down,1
924.4352318648909,96.00543927538169,0.09616689934871478,0,7,0,1744494751.2009974,high_latency,1
964.3957566049214,88.34891227511244,0.7139674387115775,0,1,2,1744494751.2119234,service_down,1
785.4938301059428,125.2152567615403,0.5370269795835035,0,8,9,1744494751.2119234,service_down,1
783.6495828199656,117.4112108357531,0.04374858960225397,1,15,0,1744494751.2009974,high_latency,1
949.9286739100623,219.12603590177144,0.11114254821164966,1,13,1,1744494751.2119234,cpu_spike,1
2156.652053696159,91.65851292591529,0.005971530724897856,1,8,0,1744494751.2009974,memory_leak,1
631.7092344648767,57.76892184555554,0.5119041817651233,0,7,7,1744494751.2119234,service_down,1
732.3783714811688,69.02564446802066,0.038694495681503266,1,6,0,1744494751.2009974,normal,0
905.024929469969,155.9917898424605,0.09701584129185195,1,4,0,1744494751.2119234,cpu_spike,1
998.6173687120793,166.7639357620694,0.0820605937807683,1,16,1,1744494751.2119234,cpu_spike,1
1842.2707864699407,72.79410990182554,0.014412653668500997,1,16,0,1744494751.2009974,memory_leak,1
709.8793811057049,82.52911939912596,0.030872833501037752,1,8,0,1744494751.2009974,normal,0
760.1921887269999,106.2890221872123,0.021852790183219506,1,18,0,1744494751.2009974,high_latency,1
730.2689167372822,73.0498887329415,0.007400794714919745,1,10,0,1744494751.2009974,normal,0
704.3413506475652,219.53567405551823,0.09020911521963257,1,5,0,1744494751.2119234,cpu_spike,1
673.7757769691483,100.8042102354053,0.6594580237583398,0,2,3,1744494751.2119234,service_down,1
885.8896524735396,103.17433067469237,0.46796646204706,1,3,2,1744494751.2119234,error_rate,1
866.22584067663,94.75053873925107,0.013805412330799606,1,16,0,1744494751.2009974,high_latency,1
739.1405371089952,86.25252102538239,0.30668037685565763,1,12,5,1744494751.2119234,error_rate,1
759.9914869329564,84.19931024407306,0.2660184622771403,0,10,3,1744494751.2119234,error_rate,1
700.2389357360121,67.6983565539517,0.042134620958349994,1,15,0,1744494751.2009974,normal,0
849.0558115123849,115.22131946882516,0.0029577484647648647,1,14,0,1744494751.2009974,high_latency,1
762.6580363809645,115.41480894317353,0.031588323011918266,1,6,0,1744494751.2009974,high_latency,1
889.0807989740508,98.30995870663438,0.02780194047091855,0,8,0,1744494751.2009974,high_latency,1
807.970560223072,77.68510623697459,0.3940956858060521,0,10,6,1744494751.2119234,error_rate,1
703.2412684068231,180.74375653057183,0.06499267473866122,1,5,0,1744494751.2119234,cpu_spike,1
806.4909668755934,99.96149114276619,0.6172765732284184,0,2,3,1744494751.2119234,service_down,1
643.6971827865075,64.6314955626617,0.6305709647638433,0,3,5,1744494751.2119234,service_down,1
701.0916988977058,78.65185631848013,0.285681221162029,1,5,1,1744494751.2119234,error_rate,1
757.238502806639,68.37121784339752,0.046798378701817106,1,9,0,1744494751.2009974,normal,0
701.6388575869959,82.34646315011813,0.03116900183616387,1,5,0,1744494751.2009974,normal,0
966.8370087338149,183.98924172450103,0.06020628193528662,0,6,0,1744494751.2119234,cpu_spike,1
1091.010794864389,83.27278912637698,0.42030925032904476,0,4,2,1744494751.2119234,service_down,1
710.5127798061129,99.1816853423815,0.22716763417611918,0,8,2,1744494751.2119234,error_rate,1
912.8812108397668,102.61484339345013,0.01097198597490865,1,16,0,1744494751.2009974,high_latency,1
718.9995111787947,81.4297209762129,0.04845069228179106,1,13,0,1744494751.2009974,normal,0
841.3240449265095,95.46493538732862,0.01635371383126283,1,17,0,1744494751.2009974,high_latency,1
878.9946934034891,115.024034813754,0.08978471628126505,0,16,1,1744494751.2009974,high_latency,1
705.7983983711855,192.35734663233956,0.12083274116071062,1,16,2,1744494751.2114143,cpu_spike,1
708.8558236992477,68.7949305081778,0.021523152498629253,1,7,0,1744494751.2009974,normal,0
757.9971367841538,73.64232387902105,0.36409096522361706,1,4,2,1744494751.2119234,error_rate,1
1827.1994647455342,91.78853711307752,0.0998937487222094,1,17,1,1744494751.2009974,memory_leak,1
899.3514764535029,97.30401802885018,0.8965953623642369,1,0,0,1744494751.2119234,service_down,1
2033.508281378081,77.92450448674374,0.038326532149572115,1,8,0,1744494751.2009974,memory_leak,1
838.9901309897326,80.35294416262953,0.012995633010606756,1,14,0,1744494751.2009974,normal,0
962.8600640739455,154.54005106723355,0.19105359042290632,1,10,2,1744494751.2119234,cpu_spike,1
795.1494621410015,177.60760443751465,0.06765600913568554,1,16,1,1744494751.2119234,cpu_spike,1
715.9663234547502,219.13622486779707,0.05539799116852058,1,11,0,1744494751.2119234,cpu_spike,1
1171.0992794943288,82.33181341316583,0.002596524795294486,1,16,0,1744494751.2009974,memory_leak,1
1978.2229573974932,92.77910838926101,0.00448926405626301,1,8,0,1744494751.2009974,memory_leak,1
1096.9405756683973,119.05632861141854,0.7932715026530155,0,2,7,1744494751.2119234,service_down,1
730.3872786308739,79.55219672944183,0.03375970783411303,1,8,0,1744494751.2009974,normal,0
860.1088258749821,90.07720568496543,0.49069727167846694,0,5,4,1744494751.2119234,error_rate,1
781.7670507648546,117.98501370737334,0.033024576409959316,1,17,0,1744494751.2009974,high_latency,1
747.2735664216043,88.63987346469897,0.342658144187148,0,7,3,1744494751.2119234,error_rate,1
860.069756292939,118.44479007022203,0.0341572797656295,1,6,0,1744494751.2009974,high_latency,1
729.9557890749476,103.60339361609817,0.020302936744864122,1,10,0,1744494751.2009974,high_latency,1
1341.9714004185928,80.73934037080724,0.05235907314854598,1,5,0,1744494751.2009974,memory_leak,1
859.5855143590064,181.2179592460623,0.09551952249518209,1,11,1,1744494751.2119234,cpu_spike,1
1083.2197826905215,122.6857705102399,0.787267141444062,0,3,11,1744494751.2119234,service_down,1
889.8244557638194,113.30130946618698,0.04241262850686698,1,15,0,1744494751.2009974,high_latency,1
1138.860194649562,80.85630658432054,0.6136561030000509,0,2,3,1744494751.2119234,service_down,1
795.7292422224352,80.5383410401902,0.02342468755109797,1,13,0,1744494751.2009974,normal,0
734.1069397653836,97.441850273104,0.0199537274837465,1,9,0,1744494751.2009974,high_latency,1
797.0431378890657,103.27383742233698,0.4560953059722385,1,2,1,1744494751.2119234,error_rate,1
729.6229536159727,83.21093689146218,0.024162884934028545,1,4,0,1744494751.2009974,normal,0
948.9871835219758,108.02123176599989,0.5877607493272312,0,4,5,1744494751.2119234,service_down,1
884.9426998424617,84.29329949992005,0.3467374626264412,1,11,5,1744494751.2119234,error_rate,1
821.6353761302378,110.92185431661333,0.04554576503364987,1,16,0,1744494751.2009974,high_latency,1
783.9901640062525,81.72992113551021,0.043455909713464795,1,5,0,1744494751.2009974,normal,0
798.5678705389785,119.31121631191155,0.0717969692241308,1,10,0,1744494751.2009974,high_latency,1
722.2753664123237,88.85780103399287,0.08948809046584194,1,15,1,1744494751.2009974,high_latency,1
745.7215176804517,91.79642803868155,0.3702574458617225,1,9,5,1744494751.2119234,error_rate,1
1510.1555138307813,92.09275913853928,0.08521762638290442,1,14,1,1744494751.2009974,memory_leak,1
902.2533766680215,221.8902980245365,0.05579259734518624,1,14,0,1744494751.2114143,cpu_spike,1
1139.8630457157756,110.63401805524947,0.612577154729532,0,7,11,1744494751.2119234,service_down,1
1761.1698659908443,96.07441978487473,0.04159598262537048,1,17,0,1744494751.2009974,memory_leak,1
736.038084226282,93.55239209556913,0.04335176910015576,1,9,0,1744494751.2009974,high_latency,1
917.425605957093,89.30727459539646,0.3507054868155731,1,4,2,1744494751.2119234,error_rate,1
792.9749452996697,77.8027250595006,0.33299213899161934,1,7,3,1744494751.2119234,error_rate,1
846.1817465050925,235.9351472653727,0.12216616473363864,1,12,1,1744494751.2119234,cpu_spike,1
850.8021734396357,73.32062031868448,0.20334234774247648,0,11,2,1744494751.2119234,error_rate,1
2278.4466633104366,90.47260107552395,0.03210073768316862,1,13,0,1744494751.2009974,memory_leak,1
782.1413325365398,102.92439370713883,0.0012432421456297527,1,13,0,1744494751.2009974,high_latency,1
840.6287342021595,102.15937633169514,0.067829412349767,1,8,0,1744494751.2009974,high_latency,1
705.9098355450005,87.21262273115252,0.480601713870822,1,8,7,1744494751.2119234,error_rate,1
2010.672105281087,95.37910247085881,0.07766318682263264,1,6,0,1744494751.2009974,memory_leak,1
1579.7162594236668,101.12312306642761,0.06846253907890074,1,9,0,1744494751.2114143,memory_leak,1
1290.9073910074069,96.3313278457423,0.08575005657048433,0,17,1,1744494751.2009974,memory_leak,1
828.1396813034407,93.74365140307698,0.46922232579408907,0,7,6,1744494751.2119234,error_rate,1
876.4188706651041,91.8235818288983,0.39620358082576523,1,9,5,1744494751.2119234,error_rate,1
710.090089996525,105.0692892426865,0.3172251210497084,1,7,3,1744494751.2119234,error_rate,1
874.8193325535314,99.6133095118678,0.8911809774279714,0,0,0,1744494751.2119234,service_down,1
711.2016042847971,89.39250382096701,0.007609821322455363,1,9,0,1744494751.2009974,normal,0
778.95380488899,207.73960561801852,0.06770089372506591,1,5,0,1744494751.2119234,cpu_spike,1
813.009081195446,110.96895562217416,0.42847818702961143,1,8,5,1744494751.2119234,error_rate,1
945.930571995344,63.255928405832776,0.6971603904002506,0,4,9,1744494751.2119234,service_down,1
734.5227857426986,85.86497053529807,0.01222345625103582,1,9,0,1744494751.2009974,normal,0
1573.9017733057,75.37669715074972,0.04678649740967144,1,8,0,1744494751.2009974,memory_leak,1
765.4597451423022,208.83600175491287,0.07093792387044442,1,10,0,1744494751.2119234,cpu_spike,1
917.5452026069918,170.36005685569427,0.1461112536832394,1,13,2,1744494751.2119234,cpu_spike,1
2193.0661348925078,88.27543992285942,0.0010255130083056897,1,6,0,1744494751.2009974,memory_leak,1
745.4477586205034,214.90369780797977,0.08673139334726712,1,16,1,1744494751.2119234,cpu_spike,1
693.1881512868038,120.94631136588168,0.6851547090627799,0,4,8,1744494751.2119234,service_down,1
766.6848952616925,85.02638112896878,0.03093503389348447,1,9,0,1744494751.2009974,normal,0
780.3194162650005,187.62078723142804,0.14255037213241584,1,6,0,1744494751.2119234,cpu_spike,1
758.8684730146899,100.85363263787154,0.019533146408235027,1,6,0,1744494751.2009974,high_latency,1
925.4338005561963,234.7042690627186,0.07041702543027935,1,17,1,1744494751.2119234,cpu_spike,1
793.3100790957589,88.25383055617111,0.007867620893079874,1,18,0,1744494751.2009974,normal,0
1713.1613651870603,77.91830449546973,0.06362276291664917,1,4,0,1744494751.2009974,memory_leak,1
687.3905247763216,122.73521411925853,0.5815780613084294,0,3,4,1744494751.2119234,service_down,1
721.3695875074402,117.41811418650379,0.006207523852942132,1,10,0,1744494751.2009974,high_latency,1
925.2158939812043,152.89462510889942,0.060380095791535214,1,12,0,1744494751.2119234,cpu_spike,1
756.7745685793446,66.84759249623089,0.026309646811300894,1,13,0,1744494751.2009974,normal,0
700.4526767901206,80.98045136510154,0.42521202844306805,1,8,5,1744494751.2119234,error_rate,1
736.2741068223276,91.95676782805026,0.2614206557151064,1,4,1,1744494751.2119234,error_rate,1
829.1789120663431,82.78293523685255,0.3684940231821483,0,7,4,1744494751.2119234,error_rate,1
814.9932543349028,76.62923976544401,0.02312019907404351,1,13,0,1744494751.2009974,normal,0
772.1953638497595,80.51223439022422,0.002044966294131101,1,7,0,1744494751.2009974,normal,0
646.8228602258425,119.21566200565618,0.7524273682388543,0,2,6,1744494751.2119234,service_down,1
819.0512168726912,74.36511032419182,0.046778247685202064,1,12,0,1744494751.2009974,normal,0
708.9178635483318,98.73407161430143,0.818762761808222,0,1,4,1744494751.2119234,service_down,1
848.3472106947526,92.47843911509818,0.5806907963203398,0,5,6,1744494751.2119234,service_down,1
882.9205296544757,82.32702133635583,0.494743675193984,1,8,7,1744494751.2119234,error_rate,1
989.8603605552468,171.6831899169707,0.07614447622206373,0,16,1,1744494751.2114143,cpu_spike,1
1065.5228606783576,104.96504132903152,0.834357888814095,0,1,5,1744494751.2119234,service_down,1
1387.7585742763015,96.89832523199925,0.06820558823105878,1,5,0,1744494751.2009974,memory_leak,1
703.0723233202444,115.64372118776282,0.09674901843443787,1,12,1,1744494751.2009974,high_latency,1
655.9810237973439,81.15610490895224,0.8719646208832423,0,2,13,1744494751.2119234,service_down,1
791.1263356735986,81.75060804710404,0.6098576762901371,0,7,10,1744494751.2119234,service_down,1
719.9393472913503,162.9979111316248,0.14194243456062694,1,6,0,1744494751.2114143,cpu_spike,1
820.986498397469,107.05478392936621,0.282155617900894,0,5,1,1744494751.2119234,error_rate,1
790.2691112163234,97.64865931613197,0.2502662246931312,1,10,3,1744494751.2119234,error_rate,1
796.8377761909244,94.91346044228784,0.01106722662499899,1,17,0,1744494751.2009974,normal,0
888.4135868569858,82.8974899955721,0.41556773441723827,0,9,6,1744494751.2119234,error_rate,1
707.7876277310371,192.83997937719545,0.10121928642569666,1,10,1,1744494751.2114143,cpu_spike,1
724.6479623874804,86.20759850519256,0.35482793964337617,1,8,4,1744494751.2119234,error_rate,1
801.5910699095158,150.19209393308242,0.17305761013349352,1,14,2,1744494751.2119234,cpu_spike,1
826.641389019215,76.06866976643963,0.0019941385687362425,1,15,0,1744494751.2009974,normal,0
922.5291237084997,101.22569547926551,0.4388066147178676,1,7,5,1744494751.2119234,error_rate,1
965.513576462826,222.86293832407523,0.11041596476633156,1,12,1,1744494751.2119234,cpu_spike,1
1159.631280388676,95.47733530242559,0.09634035013853574,1,13,1,1744494751.2009974,memory_leak,1
786.1616024692995,159.34148880800967,0.19059949258843983,1,8,1,1744494751.2119234,cpu_spike,1
2311.017040825611,91.06801005333432,0.08113961132991146,1,12,1,1744494751.2009974,memory_leak,1
1803.9256214131478,92.67036138811727,0.0029138630354678453,1,15,0,1744494751.2009974,memory_leak,1
731.1647140990158,92.0155731333908,0.46519563707020173,1,5,4,1744494751.2119234,error_rate,1
1774.5785728320775,79.5716202133528,0.0495800634555355,1,13,0,1744494751.2009974,memory_leak,1
764.2411608771931,189.24794744624177,0.18115359790542507,0,11,2,1744494751.2119234,cpu_spike,1
855.0172079384936,118.21086763161435,0.4313137394112854,0,6,4,1744494751.2119234,service_down,1
814.8818068962435,101.91663855816108,0.07080985436271751,1,16,1,1744494751.2009974,high_latency,1
862.8342360361852,83.27248388798036,0.32651785960157353,1,6,2,1744494751.2119234,error_rate,1
795.1828020817625,104.80002989823706,0.4210731881969313,0,8,5,1744494751.2119234,error_rate,1
786.4808632125785,64.06429943143065,0.03956385849884809,1,18,0,1744494751.2009974,normal,0
1035.9287902841747,93.76868407577919,0.7267634402142993,0,2,5,1744494751.2119234,service_down,1
867.2513677589268,95.36126086949051,0.39913918067615606,1,6,3,1744494751.2119234,error_rate,1
783.9866023164413,77.99538296554726,0.013496290582529352,1,18,0,1744494751.2009974,normal,0
750.1299837077861,106.65395713808391,0.4738772481381098,1,8,7,1744494751.2119234,error_rate,1
719.8607244828271,91.03825430502476,0.04401879260384472,1,10,0,1744494751.2009974,normal,0
772.8292007616346,117.80566465710386,0.09126088027698687,1,11,1,1744494751.2009974,high_latency,1
854.7173424688832,105.33356031092197,0.2556157625201536,0,14,4,1744494751.2119234,error_rate,1
826.8172179477206,79.91346814079161,0.26371272291124137,1,12,4,1744494751.2119234,error_rate,1
720.8063227872105,110.96835137353132,0.47948007677145654,0,8,7,1744494751.2119234,error_rate,1
925.7610327973837,148.96555005502134,0.19854762528189318,1,8,1,1744494751.2119234,cpu_spike,1
845.2559432160899,170.26523329462154,0.16915616120881455,0,6,1,1744494751.2119234,cpu_spike,1
778.1383677069192,211.80588527799787,0.1546895376953792,1,12,2,1744494751.2119234,cpu_spike,1
1046.0605994525708,83.40512563415388,0.7608349832662651,0,4,12,1744494751.2119234,service_down,1
806.8303704335444,109.00877844788073,0.045980979863827966,1,11,0,1744494751.2009974,high_latency,1
868.6776445084897,117.45199463352664,0.02670845700562795,1,15,0,1744494751.2009974,high_latency,1
857.3544226067436,200.10685731337426,0.1659611711748657,1,6,1,1744494751.2119234,cpu_spike,1
777.3261481769493,84.96084224277845,0.04420761302612096,1,8,0,1744494751.2009974,normal,0
918.0020752418645,191.39309771815698,0.07524227408386562,1,12,0,1744494751.2119234,cpu_spike,1
934.6711375859197,180.04156538215017,0.13626141745898201,1,15,2,1744494751.2114143,cpu_spike,1
736.4973704036363,84.10086856392347,0.33367921328887307,0,3,1,1744494751.2119234,error_rate,1
737.9252664155351,236.38648026069168,0.16807170604083022,0,12,2,1744494751.2119234,cpu_spike,1
802.7043792550562,97.97059285166941,0.04794241785198712,1,9,0,1744494751.2009974,high_latency,1
785.6637868580841,95.9945416883291,0.4206395149921093,0,5,3,1744494751.2119234,error_rate,1
720.228106824878,65.67458524627754,0.01726968095817525,1,6,0,1744494751.2009974,normal,0
869.5988629040182,96.33250045279982,0.005385480082095029,1,18,0,1744494751.2009974,high_latency,1
2024.7662964390545,103.49187062838928,0.0930257161274929,1,17,1,1744494751.2009974,memory_leak,1
937.2666496374837,180.60500694553798,0.08327138376188545,1,5,0,1744494751.2119234,cpu_spike,1
994.1203392214028,152.2856289248932,0.1167984614095834,1,14,1,1744494751.2119234,cpu_spike,1
762.010363857133,116.04168560205225,0.03759569813395437,1,18,0,1744494751.2009974,high_latency,1
767.1361502119528,95.22372526026267,0.03868817847016628,1,12,0,1744494751.2009974,normal,0
678.9934484064768,112.42804761389243,0.5636655993250514,0,3,3,1744494751.2119234,service_down,1
747.6550542199715,159.86553413671737,0.16480154991495732,1,7,1,1744494751.2119234,cpu_spike,1
1875.1693814502833,100.93808892705599,0.08631581369576602,1,18,1,1744494751.2009974,memory_leak,1
806.1174286970975,79.308333710309,0.042584792797196264,1,12,0,1744494751.2009974,normal,0
763.605901443286,102.36727070571351,0.0807376930938276,1,16,1,1744494751.2009974,high_latency,1
1098.196495852623,69.9826826482053,0.4872076829735267,0,7,6,1744494751.2119234,service_down,1
797.8731399872688,99.7149959346839,0.037460859068858356,1,16,0,1744494751.2009974,high_latency,1
806.6892728233286,63.84938928499371,0.005634596050332808,0,7,0,1744494751.2009974,normal,0
759.975072748414,115.27689188165468,0.09542813616462348,1,15,1,1744494751.2009974,high_latency,1
